https://www.linkedin.com/jobs/view/credit-risk-analyst-remote-at-elevate-recruitment-4382381620	LinkedIn — Credit Risk Analyst Remote	Credit Risk Analyst (Remote)	Elevate Recruitment
https://www.linkedin.com/jobs/view/senior-strategy-and-planning-analyst-operations-bizops-at-velocity-global-3108057450	LinkedIn — BizOps Remote	Senior Strategy and Planning Analyst (Operations/BizOps)	Velocity Global
https://www.linkedin.com/jobs/view/business-operations-analyst-at-atob-3650110922	LinkedIn — BizOps Remote	Business Operations Analyst	AtoB
https://www.linkedin.com/jobs/view/senior-sales-strategy-operations-analyst-at-atlassian-3649679381	LinkedIn — BizOps Remote	Senior Sales Strategy & Operations Analyst	Atlassian
https://www.linkedin.com/jobs/view/remote-business-operations-analyst-at-acosta-2993013007	LinkedIn — BizOps Remote	Business Operations Analyst (Remote)	Acosta
https://www.linkedin.com/jobs/view/senior-director-business-operations-bizops-remote-at-velocity-global-4120334136	LinkedIn — BizOps Remote	Senior Director Business Operations (BizOps) - Remote	Velocity Global
https://www.linkedin.com/jobs/view/remote-financial-planning-analysis-fp-a-specialist-at-wander-4002210292	LinkedIn — FP&A Remote	Remote Financial Planning & Analysis (FP&A) Specialist	Wander
https://www.linkedin.com/jobs/view/fp-a-financial-analyst-ii-remote-at-dlt-solutions-2909980488	LinkedIn — FP&A Remote	FP&A Financial Analyst II - Remote	DLT Solutions
https://www.linkedin.com/jobs/view/senior-fp-a-financial-analyst-ii-remote-us-at-hewlett-packard-enterprise-3495678683	LinkedIn — FP&A Remote	Senior FP&A Financial Analyst II - Remote US	Hewlett Packard Enterprise
https://www.linkedin.com/jobs/view/business-development-partnerships-manager-remote-est-at-tixtrack-4372082139	LinkedIn — BD Partnerships Remote	Business Development & Partnerships Manager (Remote)	TixTrack
https://www.linkedin.com/jobs/view/influencer-partnerships-marketing-manager-at-superside-2878827448	LinkedIn — Influencer Marketing Remote	Influencer & Partnerships Marketing Manager	Superside
https://www.linkedin.com/jobs/view/influencer-marketing-partnerships-specialist-remote-at-dsw-designer-shoe-warehouse-3820836610	LinkedIn — Influencer Marketing Remote	Influencer Marketing/Partnerships Specialist (Remote)	DSW Designer Shoe Warehouse
https://www.glassdoor.com/job-listing/sr-incentives-strategy-analyst-goodrx-JV_KO0,30_KE31,37.htm?jl=1009978649909	Glassdoor — Business Analyst Remote	Sr. Incentives & Strategy Analyst	GoodRx
https://www.glassdoor.com/job-listing/business-strategy-analyst-data-ai-team-visa-inc-JV_IC1147401_KO0,38_KE39,47.htm?jl=1009841356848	Glassdoor — Business Analyst Remote	Business Strategy Analyst, Data & AI Team	Visa Inc.
https://www.glassdoor.com/job-listing/senior-finance-strategy-analyst-consumer-coinbase-JV_IC1132348_KO0,40_KE41,49.htm?jl=1010081605407	Glassdoor — Business Analyst Remote	Senior Finance & Strategy Analyst, Consumer	Coinbase
https://www.glassdoor.com/job-listing/real-estate-strategy-analyst-deloitte-JV_IC1146821_KO0,28_KE29,37.htm?jl=1010090606235	Glassdoor — Business Analyst Remote	Real Estate Strategy Analyst	Deloitte
https://www.glassdoor.com/job-listing/sr-business-development-manager-enterprise-partnerships-quinstreet-JV_KO0,55_KE56,66.htm?jl=1009957342299	Glassdoor — BD Partnerships Remote	Sr. Business Development Manager, Enterprise Partnerships	QuinStreet
https://www.glassdoor.com/job-listing/director-business-development-ai-partnerships-workato-JV_IC1147401_KO0,45_KE46,53.htm?jl=1009991926785	Glassdoor — BD Partnerships Remote	Director, Business Development - AI Partnerships	Workato
https://www.glassdoor.com/job-listing/director-of-data-partnerships-remote-forbes-JV_IC1156375_KO0,36_KE37,43.htm?jl=1009991977958	Glassdoor — BD Partnerships Remote	Director of Data Partnerships (Remote)	Forbes
https://www.glassdoor.com/job-listing/partner-business-development-manager-isv-nebius-JV_KO0,40_KE41,47.htm?jl=1010032981296	Glassdoor — BD Partnerships Remote	Partner Business Development Manager - ISV	Nebius
https://www.glassdoor.com/job-listing/director-client-partnerships-shrm-business-strategic-growth-client-acquisition-shrm-JV_KO0,78_KE79,83.htm?jl=1010069200638	Glassdoor — BD Partnerships Remote	Director, Client Partnerships, SHRM Business	SHRM
https://www.glassdoor.com/job-listing/director-of-content-partnerships-americas-meltwater-JV_KO0,41_KE42,51.htm?jl=1010009577728	Glassdoor — BD Partnerships Remote	Director of Content Partnerships - Americas	Meltwater
https://builtin.com/job/financial-analyst-fpa-remote/2990532	BuiltIn — Financial Analyst Remote	Financial Analyst, FP&A (Remote)	GuideWell
https://builtin.com/job/finance/financial-analyst-remote/506570	BuiltIn — Financial Analyst Remote	Financial Analyst, Remote	RealPage
https://builtin.com/job/financial-analyst-remote/4194452	BuiltIn — Financial Analyst Remote	Financial Analyst (Remote)	Continued
https://builtin.com/job/finance/financial-analyst-remote/1204854	BuiltIn — Financial Analyst Remote	Financial Analyst (Remote)	Everly Health
https://builtin.com/job/financial-analyst-remote/8374912	BuiltIn — Financial Analyst Remote	Financial Analyst - REMOTE	Ryder Supply Chain Solutions
https://builtin.com/job/sr-business-analyst-strategy-remotevirtual/4335755	BuiltIn — Business Analyst Remote	Sr Business Analyst Strategy (Remote/Virtual)	US Foods
https://builtin.com/job/strategy-analyst/8920544	BuiltIn — Business Analyst Remote	Strategy Analyst	Pluralsight
https://builtin.com/job/data/business-analyst-corporate-strategy/2124546	BuiltIn — Business Analyst Remote	Business Analyst - Corporate Strategy	Talkdesk
https://builtin.com/job/strategy-analyst/2941136	BuiltIn — Business Analyst Remote	Strategy Analyst	MrBeast
https://builtin.com/job/lead-business-analyst-remote/6422510	BuiltIn — Business Analyst Remote	Lead Business Analyst (Remote)	Stryker
https://builtin.com/job/sales/head-business-development-partnerships/1470755	BuiltIn — BD Partnerships Remote	Head of Business Development & Partnerships (Remote)	Pinata
https://builtin.com/job/sales/business-development-partnerships/1435446	BuiltIn — BD Partnerships Remote	Business Development & Partnerships (Remote)	Pinwheel
https://builtin.com/job/business-development-partnerships-proximic-comscore/3902691	BuiltIn — BD Partnerships Remote	Business Development Partnerships, Proximic	Comscore
https://builtin.com/job/sales/business-development-partnerships-director/518587	BuiltIn — BD Partnerships Remote	Business Development & Partnerships Director	Bill.com
https://builtin.com/job/commercial-partnerships-manager-emea/3768628	BuiltIn — BD Partnerships Remote	Commercial Partnerships Manager - EMEA (Remote)	dLocal
https://builtin.com/job/sales/vp-business-development/1203722	BuiltIn — BD Partnerships Remote	VP, Business Development (Remote)	Ribbon
https://builtin.com/job/senior-business-development-manager-growth-partnerships/3059746	BuiltIn — BD Partnerships Remote	Senior Business Development Manager, Growth Partnerships	Upstart
https://weworkremotely.com/remote-jobs/q2-software-financial-analyst	WeWorkRemotely — Finance	Financial Analyst	Q2 Software
https://weworkremotely.com/remote-jobs/somewhere-creative-agency-financial-analyst-remote-latam-sa-38815317014	WeWorkRemotely — Finance	Creative Agency Financial Analyst	Somewhere
https://weworkremotely.com/remote-jobs/airdev-operations-financial-analyst	WeWorkRemotely — Finance	Operations / Financial Analyst	Airdev
https://weworkremotely.com/remote-jobs/b-r-food-services-excel-financial-analyst-pnl-margins-inventory-full-time-remote-zoom	WeWorkRemotely — Finance	Excel / Financial Analyst	B&R Food Services
https://weworkremotely.com/remote-jobs/cube-fp-a-customer-success-analyst	WeWorkRemotely — Finance	FP&A Customer Success Analyst	Cube
https://weworkremotely.com/remote-jobs/just-financial-analyst-customer-success-team-member	WeWorkRemotely — Finance	Financial Analyst & Customer Success Team Member	Just
https://weworkremotely.com/remote-jobs/cribl-strategy-and-operations-manager	WeWorkRemotely — Business Ops	Strategy and Operations Manager	Cribl
https://cryptojobslist.com/jobs/head-of-business-development-at-lunar-strategy	CryptoJobsList — Strategy BD	Head of Business Development	Lunar Strategy
https://cryptojobslist.com/jobs/business-development-partnerships-at-glmall-fz-llc	CryptoJobsList — Strategy BD	Business Development & Partnerships Manager (B2B)	GLMall FZ-LLC
https://cryptojobslist.com/jobs/business-development-manager-web3-at-magnet	CryptoJobsList — Strategy BD	Business Development Manager (Web3 / DeFi)	Magnet
https://cryptojobslist.com/jobs/business-development-manager-latam-exmo-com-remote	CryptoJobsList — Strategy BD	Business Development Manager (Latam)	EXMO.com
https://cryptojobslist.com/jobs/head-of-business-development-scroll-io-remote	CryptoJobsList — Strategy BD	Head of Business Development	Scroll.io
https://cryptojobslist.com/jobs/kol-business-development-at-bingx	CryptoJobsList — Strategy BD	KOL Business Development Manager (EMEA)	BingX
https://web3.career/business-development-and-partnerships-manager-venuslabs/37159	Web3 Career — BD Strategy	Business Development and Partnerships Manager	Venus Labs
https://web3.career/head-of-business-development-partnerships-xmtp/37054	Web3 Career — BD Strategy	Head of Business Development & Partnerships	XMTP Labs
https://web3.career/business-development-web3-partnerships-celofoundation/34723	Web3 Career — BD Strategy	Business Development, Web3 Partnerships	Celo Foundation
https://web3.career/business-development-and-partnerships-manager-popoo/41191	Web3 Career — BD Strategy	Business Development and Partnerships Manager	Popoo
https://web3.career/business-development-lead-us-yield-xyz/144792	Web3 Career — BD Strategy	Business Development Lead (US)	Yield.xyz
https://web3.career/business-development-and-partnerships-manager-defi-crypto-reach-sh/16702	Web3 Career — BD Strategy	Business Development and Partnerships Manager - DeFi/Crypto	Reach
https://remoteok.com/remote-jobs/remote-fpa-analyst-newsela-948814	RemoteOK — Finance Analyst	FP&A Analyst	Newsela
https://remoteok.com/remote-jobs/remote-fpa-analyst-wisetack-918860	RemoteOK — Finance Analyst	FP&A Analyst	Wisetack
https://remoteok.com/remote-jobs/remote-senior-fpampa-amp-strategic-finance-access-softek-1130128	RemoteOK — Finance Analyst	Senior FP&A & Strategic Finance	Access Softek
https://remoteok.com/remote-jobs/remote-senior-financial-analyst-precision-for-medicine-1129013	RemoteOK — Finance Analyst	Senior Financial Analyst	Precision for Medicine
https://remoteok.com/remote-jobs/remote-senior-financial-analyst-exodus-movement-inc-717288	RemoteOK — Finance Analyst	Senior Financial Analyst	Exodus Movement Inc.
https://boards.greenhouse.io/creditkarma/jobs/6341728003	Greenhouse — Financial Analyst	Senior FP&A Analyst	Credit Karma
https://boards.greenhouse.io/creditkarma/jobs/5786726003	Greenhouse — Financial Analyst	FP&A Analyst II	Credit Karma
https://boards.greenhouse.io/creditkarma/jobs/5061036003	Greenhouse — Financial Analyst	FP&A Analyst	Credit Karma
https://boards.greenhouse.io/carsdotcom/jobs/4049427	Greenhouse — Financial Analyst	Senior Financial Analyst, FP&A	Cars.com
https://boards.greenhouse.io/nubank/jobs/3024491	Greenhouse — Financial Analyst	Senior FP&A Financial Analyst - Global	Nubank
https://boards.greenhouse.io/liveramp/jobs/4048178	Greenhouse — Financial Analyst	Financial Analyst, Corporate FP&A	LiveRamp
https://boards.greenhouse.io/schoolmint/jobs/6663164002	Greenhouse — Financial Analyst	Senior Financial Analyst - FP&A	SchoolMint
https://boards.greenhouse.io/doubleverify/jobs/5973680002	Greenhouse — Financial Analyst	FP&A and IR Financial Analyst	DoubleVerify
https://boards.greenhouse.io/twilio/jobs/2612928	Greenhouse — Financial Analyst	Senior Financial Analyst - Corporate FP&A	Twilio
https://boards.greenhouse.io/impact/jobs/5759043002	Greenhouse — Financial Analyst	FP&A Senior Analyst	Impact
https://boards.greenhouse.io/appliedintuition/jobs/4525032005	Greenhouse — Business Analyst	Strategy and Business Development Analyst	Applied Intuition
https://boards.greenhouse.io/jobsforthefuture/jobs/6014747002	Greenhouse — Business Analyst	Senior Business Analyst, Strategy Growth, Innovation and Impact	JFF
https://job-boards.greenhouse.io/applovin/jobs/4672065006	Greenhouse — Business Analyst	Analyst, Business Development, Apps	AppLovin
https://boards.greenhouse.io/homer/jobs/4571696002	Greenhouse — Business Analyst	Business Strategy Analyst	HOMER
https://boards.greenhouse.io/turing/jobs/4465905004	Greenhouse — Business Analyst	Business Analyst - Strategy & Operations	Turing
https://boards.greenhouse.io/constantcontact/jobs/6418437	Greenhouse — Business Analyst	Corporate Strategy Analyst	Constant Contact
https://boards.greenhouse.io/mrbeastyoutube/jobs/5220710004	Greenhouse — Business Analyst	Strategy Analyst	MrBeast
https://boards.greenhouse.io/woonetwork/jobs/5041147003	Greenhouse — Business Analyst	Strategic Investment Analyst	WOO Network
https://boards.greenhouse.io/yotpo/jobs/7814535	Greenhouse — Partnerships	Director Of Product Partnerships & Business Development	Yotpo
https://boards.greenhouse.io/snapdocs/jobs/5381459004	Greenhouse — Partnerships	Strategic Partnerships Operations Manager	Snapdocs
https://boards.greenhouse.io/impact/jobs/5109970002	Greenhouse — Partnerships	Strategic Partnerships Manager	Impact
https://boards.greenhouse.io/thanx/jobs/4824833003	Greenhouse — Partnerships	Partnerships Manager	Thanx
https://boards.greenhouse.io/impact/jobs/5900388002	Greenhouse — Partnerships	Tech Partner Manager	Impact
https://boards.greenhouse.io/forbes/jobs/5446651004	Greenhouse — Partnerships	Senior Partnerships Manager, Coupons & Deals	Forbes
https://boards.greenhouse.io/gleanwork/jobs/4360945005	Greenhouse — Partnerships	Partner Manager (NAMER)	Glean
https://boards.greenhouse.io/modernhealth/jobs/5169784002	Greenhouse — Partnerships	Partnerships Manager	Modern Health
https://jobs.lever.co/saronic/ad91b7b5-7163-4bf7-b364-657e34cada8c	Lever — Financial Analyst	Senior FP&A Analyst – R&D	Saronic
https://jobs.lever.co/nava/478e1dec-619c-43c2-b76c-5fa6ce977cb2	Lever — Financial Analyst	Financial Analyst (Project Controls Analyst)	Nava
https://jobs.lever.co/caseware/320f7c69-738b-4810-b988-1a631cafef08	Lever — Financial Analyst	Analyst/Senior Analyst, Financial Planning & Analysis	Caseware
https://jobs.lever.co/creditkarma/7b742e4e-1c05-479a-b022-724c2a70d788	Lever — Financial Analyst	Senior FP&A Analyst, Revenue and KPIs	Credit Karma
https://jobs.lever.co/payjoy/5ebd14a8-febb-4403-a235-311517203396	Lever — Financial Analyst	Financial Analyst	PayJoy
https://jobs.lever.co/nava/f6acbe27-62e4-42de-820f-6ae8c0dadcd8	Lever — Financial Analyst	Financial Analyst	Nava
https://jobs.lever.co/brevo/e3fdf7b6-5f77-45d9-8a43-eb76f213c9d5	Lever — Financial Analyst	Senior FP&A Analyst	Brevo
https://jobs.lever.co/cfsenergy/fade3da4-0967-4865-a22c-811d9687d700	Lever — Financial Analyst	Financial Analyst II	Commonwealth Fusion Systems
https://jobs.lever.co/saronic/451d60a0-0fa2-4b76-80b9-d46566263f14	Lever — Financial Analyst	Senior FP&A Analyst – Programs	Saronic
https://jobs.lever.co/nava/b63bba23-b77c-4145-b49b-ecc0d3bb923f	Lever — Business BD	Business Development Analyst	Nava
https://jobs.lever.co/jobgether/dfe172ce-ffaa-4c5e-9001-b165e07cc150	Lever — Business BD	Senior Business Development Analyst - REMOTE	Jobgether
https://jobs.lever.co/wintermute-trading/d864dd5c-4c3b-454b-8b82-4146d1a46edd	Lever — Business BD	Business Development & Partnerships Director	Wintermute
https://jobs.ashbyhq.com/oneapp/c7517b58-ea6b-4591-83b4-3c8b91651c8d	Ashby — Financial Analyst	Financial Analyst - Credit	OnePay
https://jobs.ashbyhq.com/parafin/c3e5b808-6af4-4600-a846-e3450a03c1d1	Ashby — Financial Analyst	Credit & Underwriting Analyst	Parafin
https://jobs.ashbyhq.com/the-global-talent-co/3dabf96e-6976-4ecd-96cb-5a69d1c48b9e	Ashby — Financial Analyst	Financial Analyst	The Global Talent Co.
https://jobs.ashbyhq.com/mahway/61144a60-ee8b-49d6-b444-ad648f2b99a7	Ashby — Financial Analyst	Credit Analyst - AltNova	Mahway
https://jobs.ashbyhq.com/9fin/07514772-cc1e-4b79-bb12-7f2a1e5bb103	Ashby — Financial Analyst	Distressed Credit Analyst	9fin
https://jobs.ashbyhq.com/finally/65a09cd3-9b90-463c-8c28-d86482b4fbca	Ashby — Financial Analyst	Commercial Credit Analyst	finally
https://jobs.ashbyhq.com/hims-and-hers/bb1ec1df-5679-4583-9a58-d370c263b29c	Ashby — Financial Analyst	Financial Analyst, Category Finance	Hims & Hers
https://jobs.ashbyhq.com/Tools%20for%20Humanity/f271e41f-7e27-4d93-9e2b-688b9bf404b1	Ashby — BD Partnerships	Head of Business Development	Tools for Humanity
https://jobs.ashbyhq.com/harvey/98a49883-8e0d-4a04-914f-8aaa68b2660d	Ashby — BD Partnerships	Corporate Business Development Manager (Data)	Harvey
https://jobs.ashbyhq.com/chainalysis-careers/16dde6bd-6a80-4051-a12a-ec063610264e	Ashby — BD Partnerships	Technology Partnerships Manager	Chainalysis
https://jobs.ashbyhq.com/vanta/17df6cbf-b9b5-4394-ad2a-ed126b4102d0	Ashby — BD Partnerships	Corporate Development and Strategic Partnerships Manager	Vanta
https://jobs.ashbyhq.com/eliseai/b52aff11-74ac-4e8e-8566-a6809cacb439	Ashby — BD Partnerships	Corporate Development and Partnerships - Senior Associate	EliseAI
https://jobs.ashbyhq.com/chainalysis-careers/02d66ab7-cf35-4fe7-a359-f0d75055ce8b	Ashby — BD Partnerships	Senior Manager, Partnerships	Chainalysis
https://jobs.ashbyhq.com/fiddler-ai/332ef3fa-cd71-4a3e-9d67-cd5e3765c1f1	Ashby — BD Partnerships	Business Development & Partnerships Manager	Fiddler AI
https://jobs.ashbyhq.com/hopper/68f30f9b-fe54-4ba2-9895-99e6c2471396	Ashby — BD Partnerships	Sr Business Development Manager, Airline Partnerships	Hopper
https://jobs.ashbyhq.com/the-global-talent-co/e3db1c93-eb2a-41f4-9c50-da73febf5fff	Ashby — BD Partnerships	Business Development Associate (Partnerships)	The Global Talent Co.
